Title,TITLE NAME,UnclassifiedSL,TITLE CODE,SG,JC,NU,FOC,LEVEL,STD. NO.,AGENCY CODE,NBR POS,DECNTRL. LVL.,DUTIES ONLY,SG_UNCLASS
Div I Dir Athletics/Athletic D,Diversity & Inclusion Specialist 1 ,1 ,1481100 ,18 ,0 ,06 ,2,J ,1481100F,08000 ,5 ,NA,N ,
Vice Pres Acadc Affr,Vice President for Academic Affairs (MP),(MP),NA,NA,NA,NA,NA,NA,NA,NA,NA,NA,NA,
Assnt V P Hosp Affrs,Assnt Dir Office Aging Programs ,Programs ,2875700 ,63 ,0 ,06 ,1,J ,NA,01370 ,4 ,NA,N ,
Vice Pres Dev,Vice President (MP),(MP),NA,NA,NA,NA,NA,NA,NA,NA,NA,NA,NA,
Div I Head Bsktball Coach (Rp),Div Dir Health Systems Management ,Management ,2883700 ,NS ,2 ,06 ,1,J ,NA,12000 ,1 ,NA,N ,
President,President (MP),(MP),NA,NA,NA,NA,NA,NA,NA,NA,NA,NA,NA,
Vice Pres Health Sci,Vice President for Health Sciences (MP),(MP),NA,NA,NA,NA,NA,NA,NA,NA,NA,NA,NA,
Professor 12 Months,Professor (12 month) (B3),(B3),NA,NA,NA,NA,NA,NA,NA,NA,NA,NA,NA,
Disting Prof-10 Mo,Distinguished Professor (10 month) (A3),(A3),NA,NA,NA,NA,NA,NA,NA,NA,NA,NA,NA,
Professor&Chrmn M Gft,Professor for EOC (10 month) (A3),(A3),NA,NA,NA,NA,NA,NA,NA,NA,NA,NA,NA,
Dean (Engineering),Dean (Medicine) (MP),(MP),NA,NA,NA,NA,NA,NA,NA,NA,NA,NA,NA,
Professor (Gft),Professor (GFT) (G3),(G3),NA,NA,NA,NA,NA,NA,NA,NA,NA,NA,NA,
Exec Vice Pres,Executive Vice Pres ,Pres ,2834802 ,NS ,2 ,06 ,1,J ,NA,11100 ,1 ,NA,N ,
Div I Head Football Coach (Rp),Div Dir Health Systems Management ,Management ,2883700 ,NS ,2 ,06 ,1,J ,NA,12000 ,1 ,NA,N ,
Professor&Chrmn H Sci,Professor (HS) (C3),(C3),NA,NA,NA,NA,NA,NA,NA,NA,NA,NA,NA,
Visit Prof Hs,Visiting Professor (HS) (C3),(C3),NA,NA,NA,NA,NA,NA,NA,NA,NA,NA,NA,
Professor (Hs),Professor (HS) (C3),(C3),NA,NA,NA,NA,NA,NA,NA,NA,NA,NA,NA,
Dean (Dentistry),Dean (Dentistry) (MP),(MP),NA,NA,NA,NA,NA,NA,NA,NA,NA,NA,NA,
Assnt V P,Assnt To Supt ,Supt ,2811105 ,NS ,2 ,06 ,2,J ,NA,37000 ,2 ,NA,N ,
Dean Pharmacy,Dean (Pharmacy) (MP),(MP),NA,NA,NA,NA,NA,NA,NA,NA,NA,NA,NA,
Professor 10 Months,Professor (10 month) (A3),(A3),NA,NA,NA,NA,NA,NA,NA,NA,NA,NA,NA,
Dean Arts&Science,Dean (Nursing) (MP),(MP),NA,NA,NA,NA,NA,NA,NA,NA,NA,NA,NA,
Dean Medicine,Dean (Medicine) (MP),(MP),NA,NA,NA,NA,NA,NA,NA,NA,NA,NA,NA,
Vice Pres,Vice President (MP),(MP),NA,NA,NA,NA,NA,NA,NA,NA,NA,NA,NA,
Exec Assnt President,Executive Assistant to President (MP III),III),NA,NA,NA,NA,NA,NA,NA,NA,NA,NA,NA,
Disting Prof Ldng 10M,Distinguished Professor (Leading) (10 month) (A1),(A1),NA,NA,NA,NA,NA,NA,NA,NA,NA,NA,NA,
Disting Prof Ldng-12m,Distinguished Professor (Leading) (12 month) (B1),(B1),NA,NA,NA,NA,NA,NA,NA,NA,NA,NA,NA,
Clinical Assoc Pr-Gft,Clinical Associate Professor (GFT) (G4),(G4),NA,NA,NA,NA,NA,NA,NA,NA,NA,NA,NA,
Disting Prof-12 Mo,Distinguished Professor (12 month) (B3),(B3),NA,NA,NA,NA,NA,NA,NA,NA,NA,NA,NA,
Disting Srv Prof Gft,Distinguished Service Professor (GFT) (G3),(G3),NA,NA,NA,NA,NA,NA,NA,NA,NA,NA,NA,
Dean (Nursing),Dean (Nursing) (MP),(MP),NA,NA,NA,NA,NA,NA,NA,NA,NA,NA,NA,
Associate Vice President,Associate Vice Chancellor (MP),(MP),NA,NA,NA,NA,NA,NA,NA,NA,NA,NA,NA,
Dean,Dean (Nursing) (MP),(MP),NA,NA,NA,NA,NA,NA,NA,NA,NA,NA,NA,
Vice Pres Rsch,Vice President for Research (MP),(MP),NA,NA,NA,NA,NA,NA,NA,NA,NA,NA,NA,
Disting Prof Ldng-12M,Distinguished Professor (Leading) (12 month) (B1),(B1),NA,NA,NA,NA,NA,NA,NA,NA,NA,NA,NA,
Dean Of Social Welf,Dean (Clinical Campus) (MP),(MP),NA,NA,NA,NA,NA,NA,NA,NA,NA,NA,NA,
Professor Ldng-12 Mo,Professor (Leading) (10 Month) (A1),(A1),NA,NA,NA,NA,NA,NA,NA,NA,NA,NA,NA,
Dean Graduate Studies,Dean of Students (MP),(MP),NA,NA,NA,NA,NA,NA,NA,NA,NA,NA,NA,
Assoc Professor-Gft,Assoc In Professional Educ ,Educ ,3504500 ,26 ,0 ,05 ,2,J ,3504475F,11000 ,9 ,NA,N ,
Chrmn H Sci,Chairman ,Chairman ,3520900 ,OS ,4 ,06 ,1,A ,NA,XXXXX ,3 ,NA,N ,
Dstg Prof (Hs),Visiting Professor (HS) (C3),(C3),NA,NA,NA,NA,NA,NA,NA,NA,NA,NA,NA,
Dstg Svc Prof (Hs),Distinguished Professor (HS) (C3),(C3),NA,NA,NA,NA,NA,NA,NA,NA,NA,NA,NA,
Dir Mangt Info System,Dir Information Systems Management ,Management ,0819990 ,67 ,0 ,06 ,1,J ,NA,01110 ,1 ,NA,N ,
Visiting Profssr 12Mo,Visiting Professor (HS) (C3),(C3),NA,NA,NA,NA,NA,NA,NA,NA,NA,NA,NA,
Assoc Professor-12 Mo,Associate Professor (12 month) (B4),(B4),NA,NA,NA,NA,NA,NA,NA,NA,NA,NA,NA,
Dir Instrl Resourc,Dir Insur Fund Customer Service ,Service ,2251900 ,65 ,1 ,06 ,2,J ,NA,00640 ,1 ,NA,N ,
T H Assoc Admr,T.H. Associate Administrator (MP),(MP),NA,NA,NA,NA,NA,NA,NA,NA,NA,NA,NA,
Clinical Profesor-Gft,Clinical Professor (GFT) (G3),(G3),NA,NA,NA,NA,NA,NA,NA,NA,NA,NA,NA,
Visiting Profssr 10Mo,Visiting Professor (HS) (C3),(C3),NA,NA,NA,NA,NA,NA,NA,NA,NA,NA,NA,
Assoc Dean Medicine,Associate Dean (Medicine) (MP),(MP),NA,NA,NA,NA,NA,NA,NA,NA,NA,NA,NA,
Assoc Professor-10 Mo,Associate Professor (10 month) (A4),(A4),NA,NA,NA,NA,NA,NA,NA,NA,NA,NA,NA,
Resch Assnt Prof-Hs,Research Assistant Professor (A5),(A5),NA,NA,NA,NA,NA,NA,NA,NA,NA,NA,NA,
Dean Allied Hlt Profs,Dean (Dentistry) (MP),(MP),NA,NA,NA,NA,NA,NA,NA,NA,NA,NA,NA,
Associate Provost,Associate Provost for Health Sciences (MP),(MP),NA,NA,NA,NA,NA,NA,NA,NA,NA,NA,NA,
Professor Ldng-10 Mo,Professor (Leading) (10 Month) (A1),(A1),NA,NA,NA,NA,NA,NA,NA,NA,NA,NA,NA,
Disting Prof Gft,Distinguished Professor (GFT) (G3),(G3),NA,NA,NA,NA,NA,NA,NA,NA,NA,NA,NA,
Clinical Assnt Pr-Gft,Clinical Assistant Professor (GFT) (G5),(G5),NA,NA,NA,NA,NA,NA,NA,NA,NA,NA,NA,
Vice Pres Univ Affair,Vice President for University Affairs (MP),(MP),NA,NA,NA,NA,NA,NA,NA,NA,NA,NA,NA,
Assnt V P Hlth Sci Ad,Assnt Supvr Hospital Fiscal Admr ,Admr ,0273725 ,23 ,0 ,05 ,2,J ,NA,12030 ,2 ,NA,N ,
Disting Tch Prf-10 Mo,Distinguished Teaching Professor (10 month) (A3),(A3),NA,NA,NA,NA,NA,NA,NA,NA,NA,NA,NA,
Clinical Assoc Pr Hs,Clinical Associate Professor (HS) (C4),(C4),NA,NA,NA,NA,NA,NA,NA,NA,NA,NA,NA,
Disting Prof Ldng 10m,Distinguished Professor (Leading) (10 month) (A1),(A1),NA,NA,NA,NA,NA,NA,NA,NA,NA,NA,NA,
Dstg Tch Prof (Hs),Distinguished Professor (HS) (C3),(C3),NA,NA,NA,NA,NA,NA,NA,NA,NA,NA,NA,
Visit Prof Gft,Visiting Professor (GFT) (G3),(G3),NA,NA,NA,NA,NA,NA,NA,NA,NA,NA,NA,
Supvg Intrnl Aud,Supvg Internal Control & Audit Specialist ,Specialist ,0322450 ,31 ,0 ,05 ,2,J ,0322250F,37000 ,2 ,NA,N ,
Dir Fine Arts Center,Dir Addiction Treatment Center 1 ,1 ,5276860 ,63 ,1 ,06 ,1,J ,5246950F,53500 ,10 ,NA,N ,
Resch Prof-10Month,Research Professor (10 month) (A3),(A3),NA,NA,NA,NA,NA,NA,NA,NA,NA,NA,NA,
Clinical Assnt Pr Hs,Clinical Associate Professor (HS) (C4),(C4),NA,NA,NA,NA,NA,NA,NA,NA,NA,NA,NA,
Dir 08,Director 08 (SL6),(SL6),NA,NA,NA,NA,NA,NA,NA,NA,NA,NA,NA,
Assnt Professor Hs,Assistant Professor (HS) (C5),(C5),NA,NA,NA,NA,NA,NA,NA,NA,NA,NA,NA,
Dir,Dir Ddso ,Ddso ,5214900 ,68 ,1 ,06 ,1,J ,5214900F,51XXX ,14 ,NA,N ,
Dstg Tch Prof (Gft),Distinguished Teaching Professor (GFT) (G3),(G3),NA,NA,NA,NA,NA,NA,NA,NA,NA,NA,NA,
Science,Scientist Archeology ,Archeology ,3801241 ,18 ,1 ,05 ,2,J ,3801241T,49070 ,4 ,NA,N ,
Disting Srv Prof 10Mo,Distinguished Service Professor (10 month) (A3),(A3),NA,NA,NA,NA,NA,NA,NA,NA,NA,NA,NA,
Clinical Professor Hs,Clinical Professor (HS) (C3),(C3),NA,NA,NA,NA,NA,NA,NA,NA,NA,NA,NA,
Assnt V P&Controllr,Assnt Deputy Comptroller ,Comptroller ,2827070 ,NS ,2 ,06 ,1,J ,NA,02000 ,16 ,NA,N ,
Assoc Dean Alld Hlt P,Assoc Trans Analyst ,Analyst ,2132400 ,27 ,0 ,05 ,2,J ,2132200T,17XXX ,36 ,NA,N ,
Professor&Chrmn M,Professor (10 month) (A3),(A3),NA,NA,NA,NA,NA,NA,NA,NA,NA,NA,NA,
Associate Dean,Associate Dean (Nursing) (MP),(MP),NA,NA,NA,NA,NA,NA,NA,NA,NA,NA,NA,
Vice Pres Studnt Afrs,Vice President for Student Affairs (MP),(MP),NA,NA,NA,NA,NA,NA,NA,NA,NA,NA,NA,
Div I Head Coach,Div Dir Health Systems Management ,Management ,2883700 ,NS ,2 ,06 ,1,J ,NA,12000 ,1 ,NA,N ,
Resch Prof-10month,Research Professor (10 month) (A3),(A3),NA,NA,NA,NA,NA,NA,NA,NA,NA,NA,NA,
Vice Pres Fin&Mgt,Vice President (MP),(MP),NA,NA,NA,NA,NA,NA,NA,NA,NA,NA,NA,
Asst Vp Fin Mg Mt,Assnt Dir Weights & Measures ,Measures ,7897800 ,61 ,0 ,06 ,1,J ,7896100F,06000 ,1 ,NA,N ,
Assnt Professor-10 Mo,Assistant Professor (10 month) (A5),(A5),NA,NA,NA,NA,NA,NA,NA,NA,NA,NA,NA,
Chrmn M Gft,Chairman Of State Athletic Comm ,Comm ,9031900 ,OS ,4 ,06 ,1,A ,NA,19000 ,1 ,NA,N ,
Resch Prof-12Month,Research Professor (12 month) (B3),(B3),NA,NA,NA,NA,NA,NA,NA,NA,NA,NA,NA,
Assoc Professor Hs,Associate Professor (HS) (C4),(C4),NA,NA,NA,NA,NA,NA,NA,NA,NA,NA,NA,
T H Med Rad Assoc Dir,T.H. Medical Records Assistant Director (SL3),(SL3),NA,NA,NA,NA,NA,NA,NA,NA,NA,NA,NA,
Budgt Control Offcr,Budget Control Officer (MP),(MP),NA,NA,NA,NA,NA,NA,NA,NA,NA,NA,NA,
Resch Assoc Prof-Hs,Research Associate Professor (A4),(A4),NA,NA,NA,NA,NA,NA,NA,NA,NA,NA,NA,
Associate Counsel,Associate Counselor (SL2),(SL2),NA,NA,NA,NA,NA,NA,NA,NA,NA,NA,NA,
College Physician,College Physician (SL6),(SL6),NA,NA,NA,NA,NA,NA,NA,NA,NA,NA,NA,
Assoc Dir Comp Srvs,Assoc Dir Toxicology Services ,Services ,9202650 ,29 ,1 ,05 ,2,P ,9202600T,01060 ,1 ,NA,N ,
Visit Assoc Prof Gft,Visiting Assistant Professor (GFT) (G5),(G5),NA,NA,NA,NA,NA,NA,NA,NA,NA,NA,NA,
Visit Assoc Prof Hs,Visiting Associate Professor (HS) (C4),(C4),NA,NA,NA,NA,NA,NA,NA,NA,NA,NA,NA,
Assistant Chief Of Police,Assistant Chief of Police (MP),(MP),NA,NA,NA,NA,NA,NA,NA,NA,NA,NA,NA,
Director Of Fund Raising,Director of Communications (MP),(MP),NA,NA,NA,NA,NA,NA,NA,NA,NA,NA,NA,
University Professor,University Professor (A3),(A3),NA,NA,NA,NA,NA,NA,NA,NA,NA,NA,NA,
Disting Srv Prof 12Mo,Distinguished Service Professor (12 month) (B3),(B3),NA,NA,NA,NA,NA,NA,NA,NA,NA,NA,NA,
Nursing Director,Nursing Director Regional Medical Unit ,Unit ,5555500 ,23 ,0 ,06 ,2,J ,5555500F,10XXX ,4 ,NA,N ,
Div I Sr Assoc Athletic Dir,Dir Youth Services Quality Assurance ,Assurance ,6676400 ,64 ,0 ,06 ,2,J ,6676400F,25000 ,1 ,NA,N ,
Assnt V P Univty Affr,Assnt Admnv Officer ,Officer ,2807950 ,NS ,0 ,06 ,1,J ,NA,XXXXX ,4 ,NA,N ,
Assnt Professor-Gft,Assnt In Professional Educ ,Educ ,3504475 ,22 ,0 ,05 ,2,J ,3504475F,11000 ,4 ,NA,N ,
Visiting Profssr 10mo,Visiting Professor (10 month) (A3),(A3),NA,NA,NA,NA,NA,NA,NA,NA,NA,NA,NA,
Senr Staff Assoc,Senr Dental Assnt ,Assnt ,5350300 ,10 ,0 ,04 ,5,J ,5350200F,28XXX ,13 ,S ,Y ,
Assistant Dean,Assistant Dean (SL5),(SL5),NA,NA,NA,NA,NA,NA,NA,NA,NA,NA,NA,
Dir Acadmc Advismnt,Dir Admnv Services ,Services ,2860900 ,NS ,0 ,10 ,1,J ,NA,55090 ,1 ,NA,N ,
Chief Of Police,Chief of Police (MP),(MP),NA,NA,NA,NA,NA,NA,NA,NA,NA,NA,NA,
Dstg Tch Prof (Cft),Distinguished Teaching Professor (HS) (C3),(C3),NA,NA,NA,NA,NA,NA,NA,NA,NA,NA,NA,
Senr Assnt Vice Pres,Senr Landscape Architect ,Architect ,5001300 ,24 ,0 ,05 ,2,J ,5001200T,XXXXX ,43 ,S ,Y ,
Assnt V P Humn Resrcs,Assnt Dir Div Marine Resources ,Resources ,1606800 ,63 ,0 ,06 ,2,J ,NA,09000 ,2 ,NA,N ,
Controllr,Comptroller ,Comptroller ,0000300 ,OS ,4 ,06 ,1,E ,NA,02000 ,1 ,NA,N ,
Visiting Assnt P 10Mo,Visiting Assistant Professor (10 month) (A5),(A5),NA,NA,NA,NA,NA,NA,NA,NA,NA,NA,NA,
Campus Controller,Comptroller ,Comptroller ,0000300 ,OS ,4 ,06 ,1,E ,NA,02000 ,1 ,NA,N ,
Senr Persnl Assoc,Senr Dental Assnt ,Assnt ,5350300 ,10 ,0 ,04 ,5,J ,5350200F,28XXX ,13 ,S ,Y ,
Facilities Pgm Cord-8,Facilities Program Coordinator (MP),(MP),NA,NA,NA,NA,NA,NA,NA,NA,NA,NA,NA,
Assnt V P Faclts&Oper,Assnt Dir Park Police ,Police ,8714900 ,63 ,0 ,06 ,1,J ,NA,49070 ,1 ,NA,N ,
Dir Counseling,Dir Funeral Directing ,Directing ,6441850 ,62 ,0 ,06 ,1,J ,6441850F,12000 ,1 ,NA,N ,
Dir Alumni Affairs,Dir Animal Industry ,Industry ,1202900 ,68 ,1 ,06 ,1,J ,1201100F,06000 ,1 ,NA,N ,
Clinical Profesor-10M,Clinical Professor (10 month) (A3),(A3),NA,NA,NA,NA,NA,NA,NA,NA,NA,NA,NA,
Resch Prof-Hs,Research Professor (A3),(A3),NA,NA,NA,NA,NA,NA,NA,NA,NA,NA,NA,
Staff Associate,Staff Associate (SL4),(SL4),NA,NA,NA,NA,NA,NA,NA,NA,NA,NA,NA,
Dean Of Students,Dean of Students (MP),(MP),NA,NA,NA,NA,NA,NA,NA,NA,NA,NA,NA,
Clinical Assoc Pr 12M,Clinical Associate Professor (12 month) (B4),(B4),NA,NA,NA,NA,NA,NA,NA,NA,NA,NA,NA,
T H Assoc Dir Pharm,T.H. Associate Director of Pharmacy (SL5),(SL5),NA,NA,NA,NA,NA,NA,NA,NA,NA,NA,NA,
Lecturer-10 Month,Lecturer (10 month) (A0),(A0),NA,NA,NA,NA,NA,NA,NA,NA,NA,NA,NA,
Disting Srv Prof 10mo,Distinguished Service Professor (10 month) (A3),(A3),NA,NA,NA,NA,NA,NA,NA,NA,NA,NA,NA,
College Registrar,College Registrar (SL5),(SL5),NA,NA,NA,NA,NA,NA,NA,NA,NA,NA,NA,
Resch Assoc Prof-10M,Research Associate Professor (10 month) (A4),(A4),NA,NA,NA,NA,NA,NA,NA,NA,NA,NA,NA,
T H Senr Pharmacist,T.H. Senior Pharmacist (SL4),(SL4),NA,NA,NA,NA,NA,NA,NA,NA,NA,NA,NA,
Assistant Provost,Assistant Geologist ,Geologist ,4028031 ,20 ,0 ,05 ,2,J ,4028031T,XXXXX ,55 ,S ,Y ,
Assnt Dir Adm Finance,Assnt Dir Benefit Admn ,Admn ,1406600 ,64 ,0 ,06 ,1,J ,NA,08000 ,3 ,NA,N ,
Public Relations Offr,Public Relations Officer (MP),(MP),NA,NA,NA,NA,NA,NA,NA,NA,NA,NA,NA,
Assoc Univ Finl Anlst,Assoc Admnv Analyst ,Analyst ,2810400 ,23 ,0 ,05 ,2,J ,2810300F,XXXXX ,154 ,NA,N ,
Health Sciences Librn,Health Sciences Librarian (MP),(MP),NA,NA,NA,NA,NA,NA,NA,NA,NA,NA,NA,
Dir Facilts Plng,Dir Facilities Planning & Development ,Development ,4909900 ,62 ,0 ,06 ,1,J ,NA,25000 ,1 ,NA,N ,
Librarian,Librarian 1 ,1 ,3601010 ,NS ,0 ,05 ,2,T ,NA,XXXXX ,0 ,NA,N ,
Univ Pol Inv 1,University Police Investigator 1 ,1 ,8756210 ,17 ,0 ,31 ,4,J ,8756210F,28XXX ,38 ,S ,Y ,
Dean Continuing Educ,Dean of Students (MP),(MP),NA,NA,NA,NA,NA,NA,NA,NA,NA,NA,NA,
Assnt Dir Comptng Sv,Assnt Dir Testing Services ,Services ,1412800 ,65 ,0 ,06 ,1,J ,NA,08000 ,1 ,NA,N ,
Research Associate,Research Associate (R2),(R2),NA,NA,NA,NA,NA,NA,NA,NA,NA,NA,NA,
Assnt Univ Fin Anl 08,Assnt Dir Financial Admn 1 ,1 ,0298100 ,25 ,0 ,05 ,1,J ,0298100F,XXXXX ,14 ,NA,N ,
Assoc Instrl Resrcs,Assoc Industrial Hygienist ,Hygienist ,7840400 ,23 ,0 ,05 ,2,J ,7840300T,XXXXX ,19 ,NA,N ,
Dir Libraries,Dir Laboratories & Research ,Research ,6172900 ,68 ,1 ,06 ,1,J ,6172900F,12000 ,1 ,NA,N ,
Research Professor,Research Professor (A3),(A3),NA,NA,NA,NA,NA,NA,NA,NA,NA,NA,NA,
Resch Prof-12month,Research Professor (12 month) (B3),(B3),NA,NA,NA,NA,NA,NA,NA,NA,NA,NA,NA,
Clinical Instrctr 12M,Clinical Instructor (12 month) (B6),(B6),NA,NA,NA,NA,NA,NA,NA,NA,NA,NA,NA,
Clinical Assnt Pr 10M,Clinical Assistant Professor (10 month) (A5),(A5),NA,NA,NA,NA,NA,NA,NA,NA,NA,NA,NA,
Univ Pol Inv 2,University Police Investigator 1 ,1 ,8756210 ,17 ,0 ,31 ,4,J ,8756210F,28XXX ,38 ,S ,Y ,
Clinical Instrctr 10M,Clinical Instructor (10 month) (A6),(A6),NA,NA,NA,NA,NA,NA,NA,NA,NA,NA,NA,
Supvg Prgmr Anlst,Supvg Boiler Inspector ,Inspector ,7818500 ,21 ,0 ,05 ,3,J ,7818200F,14020 ,1 ,NA,N ,
Assoc Dir Fund Raising,Assoc Dir Training 1 ,1 ,1437300 ,61 ,0 ,06 ,2,J ,1437300F,XXXXX ,20 ,NA,N ,
Senr Rsch Assoc,Senr Medical Test Assnt ,Assnt ,6219600 ,12 ,0 ,04 ,5,J ,NA,08000 ,1 ,NA,N ,
Dir Residentl Life,Dir Professional Licensing ,Licensing ,3593900 ,65 ,0 ,06 ,1,J ,NA,11000 ,1 ,NA,N ,
Visiting Profssr 12mo,Visiting Professor (12 month) (B3),(B3),NA,NA,NA,NA,NA,NA,NA,NA,NA,NA,NA,
Associate Librarian,Assoc Librarian ,Librarian ,3601400 ,25 ,0 ,05 ,2,J ,3601400T,XXXXX ,3 ,NA,N ,
Plant Util Engr 3,Plant Utilities Engineer 3 ,3 ,7520300 ,19 ,0 ,03 ,7,J ,7520100F,XXXXX ,77 ,S ,N ,
Dir Instl Rsch,Dir Investor Affairs ,Affairs ,2810775 ,NS ,2 ,06 ,1,J ,NA,02000 ,1 ,NA,N ,
Univ Pol Offr 2,University Police Officer 2 ,2 ,8756120 ,17 ,0 ,31 ,4,J ,8756110F,28XXX ,140 ,S ,Y ,
Assoc Dir Admissions,Assoc Dir ,Dir ,1455750 ,NS ,2 ,06 ,1,J ,NA,XXXXX ,3 ,NA,N ,
Dir Purchasing Special,Dir Nursing ,Nursing ,5525900 ,64 ,0 ,06 ,2,J ,5525900T,XXXXX ,29 ,NA,N ,
Dir Sea Grant Progm,Dir Inmate Grievance Program ,Program ,8366950 ,63 ,1 ,06 ,1,J ,8366700F,10160 ,1 ,NA,N ,
Clinical Assnt Pr 12M,Clinical Assistant Professor (12 month) (B5),(B5),NA,NA,NA,NA,NA,NA,NA,NA,NA,NA,NA,
T H Assoc Dir Nrsng,T.H. Associate Director of Nursing (SL6),(SL6),NA,NA,NA,NA,NA,NA,NA,NA,NA,NA,NA,
Assnt To Vp,Assnt To Supt ,Supt ,2811105 ,NS ,2 ,06 ,2,J ,NA,37000 ,2 ,NA,N ,
Assnt To Pres,Assnt To Presiding Judge ,Judge ,9024501 ,NS ,2 ,06 ,2,I ,NA,20050 ,14 ,NA,N ,
T H Dir Physcl Therpy,T.H. Director of Physical Therapy (SL5),(SL5),NA,NA,NA,NA,NA,NA,NA,NA,NA,NA,NA,
Clinical Assoc Pr 10M,Clinical Associate Professor (10 month) (A4),(A4),NA,NA,NA,NA,NA,NA,NA,NA,NA,NA,NA,
Dir Of Career Plan,Dir Of Claims ,Claims ,6803000 ,65 ,0 ,06 ,1,J ,6803050F,14010 ,1 ,NA,N ,
Dir Phys Plnt,Dir Plant Industry ,Industry ,1106900 ,64 ,1 ,06 ,1,J ,1104200F,06000 ,1 ,NA,N ,
Univ Pol Offr 1,University Police Officer 1 ,1 ,8756110 ,14 ,0 ,31 ,4,J ,8756110F,28XXX ,566 ,S ,Y ,
T H Assnt Admr,T.H. Assistant Administrator (MP),(MP),NA,NA,NA,NA,NA,NA,NA,NA,NA,NA,NA,
Envirnl Hlth Offr,Environmental Health Officer (MP),(MP),NA,NA,NA,NA,NA,NA,NA,NA,NA,NA,NA,
Assoc Univ Sys Analys,Assoc Agency Services Analyst ,Analyst ,6675550 ,23 ,1 ,05 ,2,J ,6675500F,22000 ,9 ,NA,N ,
Assnt Dir Counseling,Assnt Counsel ,Counsel ,6506200 ,25 ,1 ,05 ,2,J ,6506200F,XXXXX ,294 ,NA,N ,
Div I Football Def Coord (Rp),Director of Employee Relations (MP),(MP),NA,NA,NA,NA,NA,NA,NA,NA,NA,NA,NA,
Dir Stont Fin&Records,Dir Accounting Operations ,Operations ,0244800 ,65 ,1 ,06 ,1,J ,0244700T,00640 ,1 ,NA,N ,
T H Staff Assoc,T.H. Staff Associate (SL4),(SL4),NA,NA,NA,NA,NA,NA,NA,NA,NA,NA,NA,
College Physn Assnt,College Physician's Assistant (SL3),(SL3),NA,NA,NA,NA,NA,NA,NA,NA,NA,NA,NA,
Visiting Assoc P 10Mo,Visiting Associate Professor (10 month) (A4),(A4),NA,NA,NA,NA,NA,NA,NA,NA,NA,NA,NA,
Dir Financial Aid,Dir Financial Admn ,Admn ,0299900 ,NS ,7 ,06 ,1,J ,NA,27000 ,1 ,NA,N ,
Assoc Faclts Pg Coord,Associate Facilities Program Coordinator (SL4),(SL4),NA,NA,NA,NA,NA,NA,NA,NA,NA,NA,NA,
Univ Instruct Spec,University Instructional Specialist (SL5),(SL5),NA,NA,NA,NA,NA,NA,NA,NA,NA,NA,NA,
Clinical Assoc Pr 12m,Clinical Associate Professor (12 month) (B4),(B4),NA,NA,NA,NA,NA,NA,NA,NA,NA,NA,NA,
Sr ProgAnal,Supvr Educ Programs ,Programs ,3546600 ,28 ,0 ,05 ,2,J ,3546600F,11000 ,17 ,NA,N ,
Div I Football Offen Cord (Rp),Div Dir Health Systems Management ,Management ,2883700 ,NS ,2 ,06 ,1,J ,NA,12000 ,1 ,NA,N ,
Envirnl Hlth&Sfy Offr,Environmental Health and Safety Officer (SL5),(SL5),NA,NA,NA,NA,NA,NA,NA,NA,NA,NA,NA,
T H Assnt Dir Nrsng,T.H. Associate Director of Nursing (SL6),(SL6),NA,NA,NA,NA,NA,NA,NA,NA,NA,NA,NA,
Plant Util Engr 2,Plant Utilities Engineer 2 ,2 ,7520200 ,16 ,0 ,03 ,7,J ,7520100F,XXXXX ,223 ,S ,N ,
Assnt Professor-12 Mo,Assistant Professor (12 month) (B5),(B5),NA,NA,NA,NA,NA,NA,NA,NA,NA,NA,NA,
Assoc Dir Purchasing,Assoc Dir Training 1 ,1 ,1437300 ,61 ,0 ,06 ,2,J ,1437300F,XXXXX ,20 ,NA,N ,
Dir Earth&Space S Lab,Dir Labor Dept Research & Statistics ,Statistics ,2472900 ,66 ,1 ,06 ,1,J ,NA,14020 ,1 ,NA,N ,
Assoc Instl Rsch,Assoc In Educ Research ,Research ,3560400 ,26 ,0 ,05 ,2,J ,3560200F,11000 ,8 ,NA,N ,
Nurse 2,Nurse 2 ,2 ,5500520 ,16 ,0 ,05 ,2,J ,5500510F,XXXXX ,2227 ,S ,Y ,
Assoc Dir Mar Scincs,Assoc Dir Biological Sciences ,Sciences ,9202600 ,29 ,1 ,05 ,2,P ,9202600T,01060 ,4 ,NA,N ,
Records,Recording Judge ,Judge ,9024201 ,NS ,2 ,02 ,1,I ,NA,20050 ,16 ,NA,N ,
T H Physcl Ther 1,T.H. Physical Therapist I (SL4),(SL4),NA,NA,NA,NA,NA,NA,NA,NA,NA,NA,NA,
Clinical Profesor-10m,Clinical Professor (10 month) (A3),(A3),NA,NA,NA,NA,NA,NA,NA,NA,NA,NA,NA,
Deputy Chief Of Police,Deputy Chief of Police (MP),(MP),NA,NA,NA,NA,NA,NA,NA,NA,NA,NA,NA,
Maintce Supvr 1,Maintenance Supvr 1 ,1 ,7101300 ,14 ,1 ,03 ,7,J ,7101300F,XXXXX ,278 ,NA,N ,
Tv Producer Director,Television Producer-Director (SL4),(SL4),NA,NA,NA,NA,NA,NA,NA,NA,NA,NA,NA,
Visiting Assoc P 10mo,Visiting Associate Professor (10 month) (A4),(A4),NA,NA,NA,NA,NA,NA,NA,NA,NA,NA,NA,
Dir College Hsng,Dir College and University Evaluation ,Evaluation ,3586600 ,64 ,0 ,06 ,1,J ,NA,11000 ,1 ,NA,N ,
Dir Phys Lab,Dir Rehab Hosp ,Hosp ,8260900 ,68 ,1 ,06 ,1,J ,8260900F,12030 ,1 ,NA,N ,
Research Assistant 08,Research Assistant (R3),(R3),NA,NA,NA,NA,NA,NA,NA,NA,NA,NA,NA,
Clinical Assoc Pr 10m,Clinical Associate Professor (10 month) (A4),(A4),NA,NA,NA,NA,NA,NA,NA,NA,NA,NA,NA,
Dir Chemical Labs,Dir Of Claims ,Claims ,6803000 ,65 ,0 ,06 ,1,J ,6803050F,14010 ,1 ,NA,N ,
Assoc Dir Admn,Assoc Dir ,Dir ,1455750 ,NS ,2 ,06 ,1,J ,NA,XXXXX ,3 ,NA,N ,
Resch Assnt Prof-Gft,Research Assistant Professor (GFT) (G5),(G5),NA,NA,NA,NA,NA,NA,NA,NA,NA,NA,NA,
Lead Prgmr Anlst,Lead Programmer-Analyst (SL3),(SL3),NA,NA,NA,NA,NA,NA,NA,NA,NA,NA,NA,
Asst Dean Nurs,Associate Dean (Nursing) (MP),(MP),NA,NA,NA,NA,NA,NA,NA,NA,NA,NA,NA,
Instruc Support Spec,Instructional Support Specialist (SL4),(SL4),NA,NA,NA,NA,NA,NA,NA,NA,NA,NA,NA,
Div I Associate Athletic Dir,Div Dir Health Systems Management ,Management ,2883700 ,NS ,2 ,06 ,1,J ,NA,12000 ,1 ,NA,N ,
T H Senr Staff Assoc,T.H. Senior Staff Associate (SL5),(SL5),NA,NA,NA,NA,NA,NA,NA,NA,NA,NA,NA,
Distinguished Librarian,Distinguished Chair in Geriatrics (C2),(C2),NA,NA,NA,NA,NA,NA,NA,NA,NA,NA,NA,
Resch Assnt Prof-10M,Research Assistant Professor (10 month) (A5),(A5),NA,NA,NA,NA,NA,NA,NA,NA,NA,NA,NA,
Clinical Profesor 12M,Clinical Professor (12 month) (B3),(B3),NA,NA,NA,NA,NA,NA,NA,NA,NA,NA,NA,
T H Physns Assnt 2,T.H. Physicians Assistant I (SL5),(SL5),NA,NA,NA,NA,NA,NA,NA,NA,NA,NA,NA,
Div I Assnt Head Coach (Rp),Div Dir Health Systems Management ,Management ,2883700 ,NS ,2 ,06 ,1,J ,NA,12000 ,1 ,NA,N ,
T H Assoc Dir Soc Srv,T.H. Associate Director of Social Services (SL5),(SL5),NA,NA,NA,NA,NA,NA,NA,NA,NA,NA,NA,
Nurse 3 Gertrc,Nurse 3 Geriatric ,Geriatric ,5500533 ,20 ,0 ,05 ,2,P ,5500528F,XXXXX ,22 ,NA,N ,
Plant Util Assnt,Plant Utilities Assnt ,Assnt ,7520010 ,09 ,0 ,03 ,7,J ,7520010F,XXXXX ,440 ,U ,Y ,
T H Patient Actg Sr S,T. H. Patient Accounting Senior Specialist (SL4),(SL4),NA,NA,NA,NA,NA,NA,NA,NA,NA,NA,NA,
Plant Util Engr 1,Plant Utilities Engineer 1 ,1 ,7520100 ,14 ,0 ,03 ,7,J ,7520100F,XXXXX ,951 ,U ,Y ,
Resch Assnt Prof-12M,Research Assistant Professor (12 month) (B5),(B5),NA,NA,NA,NA,NA,NA,NA,NA,NA,NA,NA,
Assoc College Regstr,Associate College Registrar (SL4),(SL4),NA,NA,NA,NA,NA,NA,NA,NA,NA,NA,NA,
Resch Assoc Prof-12M,Research Associate Professor (12 month) (B4),(B4),NA,NA,NA,NA,NA,NA,NA,NA,NA,NA,NA,
Dir Stdnt Activities,Dir Adoption Services ,Services ,8141000 ,NS ,2 ,06 ,1,J ,NA,25000 ,1 ,NA,N ,
T H Med Rec Senr Spc,T.H. Medical Records Specialist (SL2),(SL2),NA,NA,NA,NA,NA,NA,NA,NA,NA,NA,NA,
Assnt Fac Prog Coord,Assnt Farm Products Inspector 1 ,1 ,1304101 ,NS ,1 ,05 ,3,S ,1304210F,06000 ,115 ,S ,Y ,
Senr Counselor,Senr Employment Counselor ,Counselor ,8405300 ,22 ,0 ,05 ,2,J ,8405200F,14020 ,19 ,S ,N ,
Clinical Assnt Pr 10m,Clinical Assistant Professor (10 month) (A5),(A5),NA,NA,NA,NA,NA,NA,NA,NA,NA,NA,NA,
T H Senr Fincl Analst,T.H. Senior Financial Analyst (SL4),(SL4),NA,NA,NA,NA,NA,NA,NA,NA,NA,NA,NA,
Senior Counselor Special,Senior Counselor (SL4),(SL4),NA,NA,NA,NA,NA,NA,NA,NA,NA,NA,NA,
Assoc Dir Comty Rel,Assoc Dir ,Dir ,1455750 ,NS ,2 ,06 ,1,J ,NA,XXXXX ,3 ,NA,N ,
Telecommunctns Mgr 08,Telecommunications Manager (SL4),(SL4),NA,NA,NA,NA,NA,NA,NA,NA,NA,NA,NA,
Plant Util Engr 4,Plant Utilities Engineer 4 ,4 ,7520400 ,21 ,0 ,05 ,7,J ,7520100F,XXXXX ,17 ,S ,N ,
Clinical Assnt Pr 12m,Clinical Assistant Professor (12 month) (B5),(B5),NA,NA,NA,NA,NA,NA,NA,NA,NA,NA,NA,
Dir Spec Stdnt Prgms,Dir Special Educ Services ,Services ,3508700 ,65 ,0 ,06 ,1,J ,3508700F,11000 ,1 ,NA,N ,
Affirm Actn Offr,Affirmative Action Officer (MP),(MP),NA,NA,NA,NA,NA,NA,NA,NA,NA,NA,NA,
Clinical Instrctr-Gft,Clinical Instructor (GFT) (G6),(G6),NA,NA,NA,NA,NA,NA,NA,NA,NA,NA,NA,
Assnt Dir Admissions,Assnt Dir Audits ,Audits ,0211800 ,63 ,0 ,06 ,1,J ,NA,XXXXX ,3 ,NA,N ,
Assoc Dir Alumni Aff,Assoc Dir ,Dir ,1455750 ,NS ,2 ,06 ,1,J ,NA,XXXXX ,3 ,NA,N ,
Instrcl Support Assoc,Instructional Support Associate (SL2),(SL2),NA,NA,NA,NA,NA,NA,NA,NA,NA,NA,NA,
Visiting Assnt P 12Mo,Visiting Assistant Professor (12 month) (B5),(B5),NA,NA,NA,NA,NA,NA,NA,NA,NA,NA,NA,
Clinical Instrctr Hs,Clinical Instructor (HS) (C6),(C6),NA,NA,NA,NA,NA,NA,NA,NA,NA,NA,NA,
Assistant Dean Special,Assistant Dean (SL5),(SL5),NA,NA,NA,NA,NA,NA,NA,NA,NA,NA,NA,
Assoc Continuing Educ,Assoc In Continuing Educ ,Educ ,3596400 ,26 ,0 ,05 ,2,J ,3596425F,11000 ,12 ,NA,N ,
T H Qual Asur S Coord,T.H. Quality Assurance Coordinator (SL3),(SL3),NA,NA,NA,NA,NA,NA,NA,NA,NA,NA,NA,
T H Physicians Asst 2 Special,T.H. Physical Therapy Assistant I (SL2),(SL2),NA,NA,NA,NA,NA,NA,NA,NA,NA,NA,NA,
T H Physcl Ther 2,T.H. Physical Therapist III (SL2),(SL2),NA,NA,NA,NA,NA,NA,NA,NA,NA,NA,NA,
Resch Assoc Prof-12m,Research Associate Professor (12 month) (B4),(B4),NA,NA,NA,NA,NA,NA,NA,NA,NA,NA,NA,
Lecturer-12 Month,Lecturer (12 month) (B0),(B0),NA,NA,NA,NA,NA,NA,NA,NA,NA,NA,NA,
Security Srvs Assnt 1,Security Services Assnt 1 ,1 ,8731100 ,06 ,0 ,21 ,4,J ,8731100F,XXXXX ,418 ,U ,Y ,
Dir Comctn,Dir Communications ,Communications ,2259500 ,64 ,6 ,06 ,1,J ,NA,08000 ,1 ,NA,N ,
Senr Assnt Librn,Senr Business Mgt Assnt ,Assnt ,1901300 ,18 ,0 ,05 ,2,J ,1901300F,XXXXX ,11 ,NA,N ,
Assnt Univ Sys Anlst,Assnt Dir Agency Analysis ,Analysis ,0264800 ,NS ,2 ,06 ,1,J ,NA,02000 ,1 ,NA,N ,
Senr Staff Assnt,Senior Staff Assistant (SL3),(SL3),NA,NA,NA,NA,NA,NA,NA,NA,NA,NA,NA,
Dir Student Union,Dir State Fair ,Fair ,2852900 ,NS ,2 ,06 ,1,J ,NA,06000 ,1 ,NA,N ,
Space S Lab,Special Subjects Coord ,Coord ,3928400 ,61 ,0 ,06 ,2,J ,NA,10160 ,1 ,NA,N ,
Gen Mechanic,Gen Manager Palisades Park ,Park ,1548901 ,NS ,5 ,99 ,1,J ,NA,49050 ,1 ,NA,N ,
Resch Assnt Prof-10m,Research Assistant Professor (10 month) (A5),(A5),NA,NA,NA,NA,NA,NA,NA,NA,NA,NA,NA,
T H Cts Insrv Educ 1,Assnt In Higher Educ ,Educ ,3535200 ,22 ,0 ,05 ,2,J ,3535200F,11000 ,6 ,S ,Y ,
Senr Academic Advisor,Senior Academic Advisor (SL4),(SL4),NA,NA,NA,NA,NA,NA,NA,NA,NA,NA,NA,
T H Clin Nutrtst 1,T.H. Clincal Nutritionist I (SL4),(SL4),NA,NA,NA,NA,NA,NA,NA,NA,NA,NA,NA,
Dir Admissions,Dir Audits ,Audits ,0211960 ,67 ,0 ,06 ,1,J ,NA,XXXXX ,2 ,NA,N ,
Senr Fincl Aid Advsr,Senior Financial Aid Advisor (SL4),(SL4),NA,NA,NA,NA,NA,NA,NA,NA,NA,NA,NA,
Instrcl Support Tech,Instructional Support Technician (SL3),(SL3),NA,NA,NA,NA,NA,NA,NA,NA,NA,NA,NA,
T H Soc Wkr 1,T.H. Social Worker I (SL4),(SL4),NA,NA,NA,NA,NA,NA,NA,NA,NA,NA,NA,
Trades Generalist,Trades Generalist ,Generalist ,7120000 ,12 ,1 ,03 ,7,J ,7120000F,XXXXX ,2028 ,U ,Y ,
Assoc Fac Prgm Coord Spec,Assoc Consumer Frauds Rep ,Rep ,6640500 ,23 ,0 ,05 ,2,J ,6640300T,03000 ,1 ,NA,N ,
Assnt Dir Affirm Actn,Assnt Dir Benefit Admn ,Admn ,1406600 ,64 ,0 ,06 ,1,J ,NA,08000 ,3 ,NA,N ,
Div I Assnt Athletic Director,Div Dir Health Systems Management ,Management ,2883700 ,NS ,2 ,06 ,1,J ,NA,12000 ,1 ,NA,N ,
Personnel Associate,Personnel Associate (MP),(MP),NA,NA,NA,NA,NA,NA,NA,NA,NA,NA,NA,
Resch Assoc Prof-10m,Research Associate Professor (10 month) (A4),(A4),NA,NA,NA,NA,NA,NA,NA,NA,NA,NA,NA,
T H Nrsng Admr,T.H. Nursing Administrator (SL4),(SL4),NA,NA,NA,NA,NA,NA,NA,NA,NA,NA,NA,
Dir Educl Opptnty Prg,Dir Educ Dept Audits ,Audits ,0213800 ,64 ,0 ,06 ,1,J ,NA,11000 ,1 ,NA,N ,
Univ Affrmtv Act Asst,University Affirmative Action Assistant (MP),(MP),NA,NA,NA,NA,NA,NA,NA,NA,NA,NA,NA,
Nurse Admr 1,Nurse Admr 1 ,1 ,5510701 ,20 ,0 ,05 ,2,J ,5510701F,XXXXX ,183 ,S ,Y ,
Counselor,Counselor (SL3),(SL3),NA,NA,NA,NA,NA,NA,NA,NA,NA,NA,NA,
Instrucl Supprt Assnt,Instructional Support Assistant (SL1),(SL1),NA,NA,NA,NA,NA,NA,NA,NA,NA,NA,NA,
T H Occuptnl Ther,Senr Occupl Therapist ,Therapist ,5901300 ,18 ,0 ,05 ,2,J ,5900201F,XXXXX ,186 ,S ,Y ,
Head Janitor,Head Janitor ,Janitor ,3016600 ,15 ,0 ,03 ,8,J ,NA,XXXXX ,38 ,S ,N ,
Div I Assnt Head Coach,Div Dir Health Systems Management ,Management ,2883700 ,NS ,2 ,06 ,1,J ,NA,12000 ,1 ,NA,N ,
Staff Assistant,Staff Assistant (SL2),(SL2),NA,NA,NA,NA,NA,NA,NA,NA,NA,NA,NA,
Resch Assnt Prof-12m,Research Assistant Professor (12 month) (B5),(B5),NA,NA,NA,NA,NA,NA,NA,NA,NA,NA,NA,
Univ Data Base Admr,University Data Base Administrator (SL4),(SL4),NA,NA,NA,NA,NA,NA,NA,NA,NA,NA,NA,
Resch Instrctr-Hs,Research Instructor (HS) (C6),(C6),NA,NA,NA,NA,NA,NA,NA,NA,NA,NA,NA,
Teaching&Rsch Ctr N 2,Teaching & Research Cntr Nurse 2 ,2 ,5506220 ,16 ,0 ,05 ,2,J ,5506210F,28XXX ,4959 ,S ,Y ,
Senr Lab Equip Desgnr,Senr Laboratory Equipment Designer ,Designer ,6216300 ,20 ,1 ,05 ,7,J ,6216200F,XXXXX ,13 ,S ,N ,
Visiting Assoc P 12Mo,Visiting Associate Professor (12 month) (B4),(B4),NA,NA,NA,NA,NA,NA,NA,NA,NA,NA,NA,
Dir Art Gallery,Dir State Library ,Library ,3603900 ,65 ,0 ,06 ,1,J ,NA,11000 ,1 ,NA,N ,
T H Soc Wkr 2,T.H. Social Worker I (SL4),(SL4),NA,NA,NA,NA,NA,NA,NA,NA,NA,NA,NA,
T H Occuptnl Therp 2,Senr Occupl Therapist ,Therapist ,5901300 ,18 ,0 ,05 ,2,J ,5900201F,XXXXX ,186 ,S ,Y ,
Visiting Librarian,Visiting Librarian,Librarian,NA,NA,NA,NA,NA,NA,NA,NA,NA,NA,NA,
Senr Admissions Advsr,Senior Admissions Advisor (SL4),(SL4),NA,NA,NA,NA,NA,NA,NA,NA,NA,NA,NA,
Assnt Dir Cmty Rel,Assnt Dir Community Residential Alternatives ,Alternatives ,5222300 ,64 ,0 ,06 ,2,J ,NA,50000 ,1 ,NA,N ,
Clinical Instrctr 12m,Clinical Instructor (12 month) (B6),(B6),NA,NA,NA,NA,NA,NA,NA,NA,NA,NA,NA,
Asst To Dir 13,Assnt Dir ,Dir ,2829865 ,NS ,2 ,56 ,1,J ,2829865F,XXXXX ,19 ,NA,N ,
Nursing Assnt Cert,Nursing Assnt Certified ,Certified ,5530210 ,08 ,1 ,04 ,5,J ,5530100F,XXXXX ,816 ,S ,Y ,
Staff Associate Special,Staff Associate (SL4),(SL4),NA,NA,NA,NA,NA,NA,NA,NA,NA,NA,NA,
Senr Purch Agt,Senr Purchasing Agent ,Agent ,1803300 ,23 ,0 ,05 ,2,J ,1803100F,XXXXX ,9 ,NA,N ,
Campus Safty Spec,Campus Safety Specialist ,Specialist ,7867000 ,12 ,0 ,05 ,4,J ,7867000F,28XXX ,24 ,NA,N ,
Sr Staff Asst Spec,Senior Staff Associate (SL5),(SL5),NA,NA,NA,NA,NA,NA,NA,NA,NA,NA,NA,
T H Patient Actg Sp,T. H. Patient Accounting Senior Specialist (SL4),(SL4),NA,NA,NA,NA,NA,NA,NA,NA,NA,NA,NA,
Instructor 10 Months,Instructor (10 month) (A6),(A6),NA,NA,NA,NA,NA,NA,NA,NA,NA,NA,NA,
Academic Advisor,Academic Advisor (SL3),(SL3),NA,NA,NA,NA,NA,NA,NA,NA,NA,NA,NA,
Electrician,Elections Specialist ,Specialist ,2869200 ,NS ,7 ,05 ,1,J ,NA,01540 ,6 ,NA,N ,
T H Staff Assnt 2,T.H. Staff Assistant I (SL2),(SL2),NA,NA,NA,NA,NA,NA,NA,NA,NA,NA,NA,
Rsch Ctr N 3,Fish Culturist 3 ,3 ,1629300 ,15 ,0 ,05 ,3,J ,1629100F,09000 ,12 ,NA,N ,
T H Senr Staff Assnt,T.H. Senior Staff Assistant (SL3),(SL3),NA,NA,NA,NA,NA,NA,NA,NA,NA,NA,NA,
T H Clin Nutrtst 2,T.H. Clincal Nutritionist I (SL4),(SL4),NA,NA,NA,NA,NA,NA,NA,NA,NA,NA,NA,
Assnt Dir Fincl Aide,Assnt Dir Financial Admn 1 ,1 ,0298100 ,25 ,0 ,05 ,1,J ,0298100F,XXXXX ,14 ,NA,N ,
Div I Assnt Coach (Rp),Diversity & Inclusion Specialist 1 ,1 ,1481100 ,18 ,0 ,06 ,2,J ,1481100F,08000 ,5 ,NA,N ,
Assnt Librarian 08,Assoc Librarian ,Librarian ,3601400 ,25 ,0 ,05 ,2,J ,3601400T,XXXXX ,3 ,NA,N ,
Assnt Univ Fin Anls,Assnt Engineer Civil ,Civil ,4063005 ,20 ,0 ,05 ,2,P ,4063005F,XXXXX ,61 ,S ,Y ,
T H Staff Assnt 1,T.H. Staff Assistant II (SL1),(SL1),NA,NA,NA,NA,NA,NA,NA,NA,NA,NA,NA,
Paralegal,Park Manager 1 ,1 ,1573100 ,18 ,0 ,05 ,1,J ,1573100F,49XXX ,91 ,S ,N ,
Clinical Physn Pt,Clinical Physn Pt ,Pt ,5252010 ,NS ,1 ,05 ,2,J ,5252000F,XXXXX ,19 ,S ,Y ,
Div I Assnt Coach,Div Dir Health Systems Management ,Management ,2883700 ,NS ,2 ,06 ,1,J ,NA,12000 ,1 ,NA,N ,
Bus Driver,Bus Driver ,Driver ,7617200 ,08 ,1 ,03 ,8,J ,7617200F,XXXXX ,207 ,U ,Y ,
T H Fincl Analyst,Tax Policy Analyst 1 ,1 ,1790100 ,18 ,1 ,06 ,2,J ,1790100T,20010 ,9 ,NA,N ,
T H Instrctl Sup Asoc,T.H. Instructional Support Associate (SL2),(SL2),NA,NA,NA,NA,NA,NA,NA,NA,NA,NA,NA,
Assnt Alumni Affairs,Assnt Dir Animal Industry ,Industry ,1202800 ,64 ,1 ,06 ,1,J ,1201100F,06000 ,1 ,NA,N ,
Trans Supvr 1,Transportation Supvr 1 ,1 ,7324510 ,11 ,0 ,03 ,3,J ,7324510F,XXXXX ,23 ,S ,N ,
Assnt Instnl Rsch,Assnt Investment Officer ,Officer ,0104100 ,18 ,0 ,05 ,2,J ,0104100T,XXXXX ,23 ,S ,Y ,
Trades Spec Electrician,Trades Specialist Electrician ,Electrician ,7120120 ,12 ,1 ,03 ,7,P ,7120120F,XXXXX ,480 ,U ,Y ,
Clinical Assnt In Hs,Clinical Assistant Instructor (HS) (C7),(C7),NA,NA,NA,NA,NA,NA,NA,NA,NA,NA,NA,
Trans Supvr 2,Transportation Supvr 2 ,2 ,7324520 ,14 ,0 ,05 ,3,J ,7324510F,XXXXX ,8 ,NA,N ,
Purchase Associate,Purchase Associate (SL4),(SL4),NA,NA,NA,NA,NA,NA,NA,NA,NA,NA,NA,
Campus Pub Sfty Ofc,Campus Safety Specialist ,Specialist ,7867000 ,12 ,0 ,05 ,4,J ,7867000F,28XXX ,24 ,NA,N ,
Srvc&Repr Mechanic Hvac-R,Service & Repair Mechanic HVAC-R ,HVAC-R ,7347140 ,12 ,1 ,03 ,7,P ,7347140F,XXXXX ,129 ,U ,Y ,
Student U Assnt Dir,Student Assnt ,Assnt ,2883100 ,NS ,1 ,05 ,2,J ,2883100F,XXXXX ,1562 ,U ,Y ,
Assoc Tv Engr,Associate Television Engineer (SL3),(SL3),NA,NA,NA,NA,NA,NA,NA,NA,NA,NA,NA,
T H Sr Instrl Sup Sp,T.H. Senior Instructional Support Specialist (SL4),(SL4),NA,NA,NA,NA,NA,NA,NA,NA,NA,NA,NA,
Univ Police Comm&Sec Spec 1,University Police Communications & Security Spec 1 ,1 ,8750100 ,10 ,0 ,21 ,4,J ,8750100F,28XXX ,166 ,NA,N ,
Trades Specialist (Electrician,Trades Specialist Electrician ,Electrician ,7120120 ,12 ,1 ,03 ,7,P ,7120120F,XXXXX ,480 ,U ,Y ,
Laboratory Eq Desgnr,Laboratory Equipment Designer ,Designer ,6216200 ,17 ,1 ,05 ,3,J ,6216200F,XXXXX ,33 ,S ,N ,
Supvg Comptr Oper,Supvg Computer Operator ,Operator ,0821500 ,18 ,0 ,05 ,3,J ,0821200T,XXXXX ,117 ,NA,N ,
Stmfttr,Staff Assistant (SL2),(SL2),NA,NA,NA,NA,NA,NA,NA,NA,NA,NA,NA,
Student Actvts Ast Dr,Student Activities Assistant Director (SL3),(SL3),NA,NA,NA,NA,NA,NA,NA,NA,NA,NA,NA,
T H Instrctl Sup Spec,T.H. Instructional Support Associate (SL2),(SL2),NA,NA,NA,NA,NA,NA,NA,NA,NA,NA,NA,
Programmer-Analyst,Programmer Analyst ,Analyst ,0821100 ,NS ,0 ,06 ,2,J ,NA,03020 ,3 ,NA,N ,
Clinical Instrctr 10m,Clinical Instructor (10 month) (A6),(A6),NA,NA,NA,NA,NA,NA,NA,NA,NA,NA,NA,
Refrig Mechanic,Research Assoc ,Assoc ,2459940 ,NS ,2 ,05 ,2,J ,2459940F,XXXXX ,32 ,NA,N ,
Nurse 1,Nurse 1 ,1 ,5500510 ,14 ,0 ,05 ,2,J ,5500510F,XXXXX ,430 ,S ,Y ,
Rsch Ctr N 2,Fish Culturist 2 ,2 ,1629200 ,13 ,0 ,03 ,3,J ,1629100F,XXXXX ,20 ,NA,N ,
Clinical Lectr Gft,Clinical Lecturer (A0),(A0),NA,NA,NA,NA,NA,NA,NA,NA,NA,NA,NA,
Admnv Staff Assnt,Admnv Assistant ,Assistant ,2900000 ,NS ,2 ,06 ,6,J ,2900000F,XXXXX ,483 ,NA,N ,
Project Director,Project Director (SL4),(SL4),NA,NA,NA,NA,NA,NA,NA,NA,NA,NA,NA,
Purchasing Agent,Purchasing Agent ,Agent ,1803200 ,18 ,0 ,05 ,2,J ,1803100F,XXXXX ,19 ,NA,N ,
Cleaner,Cleaner ,Cleaner ,3014000 ,05 ,3 ,03 ,8,J ,3014000F,XXXXX ,4866 ,U ,Y ,
Supvg Licnse Prac Nrs,Supvg Licensed Practical Nurse ,Nurse ,5500220 ,13 ,0 ,04 ,3,J ,5500220T,XXXXX ,87 ,NA,N ,
Supvg Janitor,Supvg Janitor ,Janitor ,3016500 ,11 ,0 ,03 ,8,J ,NA,XXXXX ,210 ,NA,N ,
Personnel Assistant,Personnel Assistant (MP),(MP),NA,NA,NA,NA,NA,NA,NA,NA,NA,NA,NA,
Carpenter,Canal Helper ,Helper ,7223100 ,NS ,3 ,23 ,8,S ,NA,55095 ,32 ,S ,N ,
Clinical Lectr-Hs,Clinical Lecturer (A0),(A0),NA,NA,NA,NA,NA,NA,NA,NA,NA,NA,NA,
Lead Programmer Special,Lead Programmer-Analyst (SL3),(SL3),NA,NA,NA,NA,NA,NA,NA,NA,NA,NA,NA,
Div I Coaching Assnt (Rp),Div Dir Health Systems Management ,Management ,2883700 ,NS ,2 ,06 ,1,J ,NA,12000 ,1 ,NA,N ,
Visiting Assnt P 10mo,Visiting Assistant Professor (10 month) (A5),(A5),NA,NA,NA,NA,NA,NA,NA,NA,NA,NA,NA,
T H Univ Instrct Spec,T.H. Medical Instrumentation Senior Specialist (SL4),(SL4),NA,NA,NA,NA,NA,NA,NA,NA,NA,NA,NA,
Janitor,Janitor ,Janitor ,3016000 ,07 ,1 ,03 ,8,J ,3016000F,XXXXX ,943 ,U ,Y ,
Assistant Athletic Trainer,Assistant Athletic Trainer (SL2),(SL2),NA,NA,NA,NA,NA,NA,NA,NA,NA,NA,NA,
Financial Aid Advisor,Financial Aid Advisor (SL3),(SL3),NA,NA,NA,NA,NA,NA,NA,NA,NA,NA,NA,
Sr Career Pl&Dev Asso,Dir State Payroll Services ,Services ,0251900 ,NS ,2 ,06 ,1,J ,0201100F,02000 ,1 ,NA,N ,
Assnt Dir College Hsg,Assnt Dir Biological Sciences ,Sciences ,9202700 ,64 ,1 ,06 ,2,J ,9202600T,01060 ,1 ,NA,N ,
Assnt College Regstr,Assnt Forest Ranger ,Ranger ,1506000 ,NS ,0 ,21 ,4,S ,1506000F,09000 ,47 ,S ,Y ,
Senior Computer Oper,Senr Computer Operator ,Operator ,0821300 ,14 ,0 ,02 ,3,J ,0821200T,XXXXX ,168 ,NA,N ,
Small Bus Dv Sr Cnslt,Supvr Consumer & Facility Services ,Services ,8934500 ,23 ,0 ,05 ,2,J ,8934100F,23000 ,1 ,NA,N ,
Therapy Aide Physcl,Therapy Aide Physical ,Physical ,5703120 ,09 ,1 ,04 ,5,P ,5703110F,28XXX ,14 ,NA,N ,
Senr Comptr Oper,Senr Computer Operator ,Operator ,0821300 ,14 ,0 ,02 ,3,J ,0821200T,XXXXX ,168 ,NA,N ,
Comty Relations Assoc,Community Relations Associate (SL2),(SL2),NA,NA,NA,NA,NA,NA,NA,NA,NA,NA,NA,
Admnv Assnt 2,Admnv Assistant 2 ,2 ,2900200 ,15 ,0 ,02 ,6,J ,2900100F,XXXXX ,1445 ,NA,N ,
Visiting Assnt Lib,Visiting Assistant Librarian,Librarian,NA,NA,NA,NA,NA,NA,NA,NA,NA,NA,NA,
Laborer,Labor Services Rep ,Rep ,8407110 ,16 ,0 ,05 ,2,J ,8407110F,14020 ,875 ,S ,Y ,
Security Srvs Assnt 2,Security Services Assnt 2 ,2 ,8731200 ,09 ,0 ,21 ,4,J ,8731100F,XXXXX ,24 ,U ,Y ,
Instrcl Support Tech Special,Instructional Support Technician (SL3),(SL3),NA,NA,NA,NA,NA,NA,NA,NA,NA,NA,NA,
Secy 2,Secy Of State ,State ,0010900 ,OS ,4 ,06 ,1,A ,NA,19000 ,1 ,NA,N ,
Div I Ncaa Compliance Director,Diversity & Inclusion Specialist 1 ,1 ,1481100 ,18 ,0 ,06 ,2,J ,1481100F,08000 ,5 ,NA,N ,
Plumber&Stmfttr,Phlebotomist ,Phlebotomist ,6203200 ,08 ,1 ,04 ,8,J ,6203200F,XXXXX ,59 ,S ,Y ,
Div I Athletic Marketing Dir,Div Dir Health Systems Management ,Management ,2883700 ,NS ,2 ,06 ,1,J ,NA,12000 ,1 ,NA,N ,
Post Doctoral Assoc,Post Doctoral Fellow ,Fellow ,6186300 ,NS ,1 ,05 ,2,J ,6186300F,12030 ,4 ,NA,N ,
Motor Eq Mtc Supvr 1,Motor Equipment Manager 1 ,1 ,7319100 ,61 ,0 ,06 ,2,J ,7319100F,XXXXX ,19 ,NA,N ,
Programmer-Analyst Special,Programmer Analyst ,Analyst ,0821100 ,NS ,0 ,06 ,2,J ,NA,03020 ,3 ,NA,N ,
Trades Spec Plmbr & Stmfitter,Trades Specialist Plumber & Steamfitter ,Steamfitter ,7120160 ,12 ,1 ,03 ,7,P ,7120160F,XXXXX ,290 ,U ,Y ,
Admissions Advisor,Admissions Advisor (SL3),(SL3),NA,NA,NA,NA,NA,NA,NA,NA,NA,NA,NA,
Facility Operations Assnt 1,Facility Operations Assnt 1 ,1 ,3010100 ,06 ,3 ,03 ,8,J ,3010100F,XXXXX ,2824 ,S ,Y ,
Secy 1,Secy Of State ,State ,0010900 ,OS ,4 ,06 ,1,A ,NA,19000 ,1 ,NA,N ,
Painter,Pavement Marking Supvr ,Supvr ,6962600 ,11 ,1 ,03 ,8,J ,6962600F,17XXX ,19 ,S ,Y ,
Assoc Tv Engineer Spec,Assoc Employment Services Rep ,Rep ,8408400 ,23 ,0 ,05 ,2,J ,8408200F,14020 ,18 ,S ,N ,
T H Rec Therpy Assoc,T.H. Recreation Therapy Associate (SL2),(SL2),NA,NA,NA,NA,NA,NA,NA,NA,NA,NA,NA,
Office Assistant 3,Office Assnt 3 ,3 ,2581300 ,14 ,0 ,02 ,6,J ,2581100F,XXXXX ,403 ,NA,N ,
T H Pharm Assnt,T.H. Pharmacist (SL3),(SL3),NA,NA,NA,NA,NA,NA,NA,NA,NA,NA,NA,
Office Assnt 3,Office Assnt 3 ,3 ,2581300 ,14 ,0 ,02 ,6,J ,2581100F,XXXXX ,403 ,NA,N ,
Motor Eq Mech,Motor Vehicle Rep ,Rep ,2540000 ,09 ,0 ,02 ,6,J ,2540000F,23000 ,2547 ,S ,Y ,
Admissions Assistant,Admissions Assistant (SL2)Admissions Intern (SL1),(SL1),NA,NA,NA,NA,NA,NA,NA,NA,NA,NA,NA,
Stores & Mail Opertns Supvr,Stores & Mail Operations Supervisor ,Supervisor ,2581500 ,12 ,0 ,02 ,6,J ,2581500F,XXXXX ,156 ,NA,Y ,
Motor Veh Oper,Motor Vehicle Operator ,Operator ,7616100 ,07 ,1 ,03 ,8,J ,7616100F,XXXXX ,689 ,U ,Y ,
Maintce Assnt,Maintenance Assnt ,Assnt ,7202000 ,09 ,1 ,03 ,8,J ,7202000F,XXXXX ,1873 ,U ,Y ,
Office Assnt 3 Calculations,Office Assnt 3 Calculations ,Calculations ,2581310 ,14 ,0 ,02 ,6,P ,2581100F,XXXXX ,554 ,NA,N ,
Nrsng Hme Act Assnt 2,Nursing Home Activities Assnt 2 ,2 ,5906120 ,14 ,0 ,04 ,5,J ,5906110T,XXXXX ,5 ,S ,Y ,
Srvc&Repr Mechanic Mtr Eq,Service & Repair Mechanic Motor Equipment ,Equipment ,7347130 ,12 ,1 ,03 ,7,P ,7347130F,XXXXX ,798 ,S ,Y ,
Academic Advsmnt Asnt,Academic Advisement Assistant (SL2),(SL2),NA,NA,NA,NA,NA,NA,NA,NA,NA,NA,NA,
Maintenance Supvr 1 Motor Eq,Maintenance Supvr 1 Motor Equipment ,Equipment ,7101340 ,14 ,0 ,03 ,7,P ,7101340T,XXXXX ,161 ,NA,N ,
Library Clerk 3,Library Clerk 3 ,3 ,2559300 ,14 ,0 ,02 ,6,J ,2559200F,XXXXX ,63 ,NA,N ,
Student Actvts Assoc,Student Activities Associate (SL2),(SL2),NA,NA,NA,NA,NA,NA,NA,NA,NA,NA,NA,
Admnv Assnt 1,Admnv Assistant 1 ,1 ,2900100 ,11 ,0 ,02 ,6,J ,2900100F,XXXXX ,4561 ,NA,N ,
Senr Drftg Tech Archl,Senr Drafting Technician Architectural ,Architectural ,5111301 ,13 ,0 ,05 ,3,P ,5111300F,XXXXX ,6 ,S ,Y ,
Student Union Assoc,Student Union Associate (SL2),(SL2),NA,NA,NA,NA,NA,NA,NA,NA,NA,NA,NA,
Prin Clerk,Prin Clerk Collection ,Collection ,2501511 ,11 ,0 ,02 ,6,P ,520,00640 ,4 ,NA,N ,
Assnt Librarian 08 Cy,Assoc Librarian ,Librarian ,3601400 ,25 ,0 ,05 ,2,J ,3601400T,XXXXX ,3 ,NA,N ,
Instl Studies Asst,Institutional Studies Assistant (SL2),(SL2),NA,NA,NA,NA,NA,NA,NA,NA,NA,NA,NA,
T H Social Wkr 3,T.H. Social Worker II (SL3),(SL3),NA,NA,NA,NA,NA,NA,NA,NA,NA,NA,NA,
Trades Spec Painter,Trades Specialist Painter ,Painter ,7120110 ,12 ,1 ,03 ,7,P ,7120110F,XXXXX ,180 ,U ,Y ,
Maintce Assnt Mech,Maintenance Assnt Machinist ,Machinist ,7345050 ,09 ,1 ,03 ,8,P ,7345050F,28020 ,1 ,U ,Y ,
Senr Lab Animal Crtkr,Senr Laboratory Animal Caretaker ,Caretaker ,0911300 ,08 ,0 ,04 ,3,J ,0911200F,XXXXX ,68 ,NA,N ,
Counselor Special,Counselor (SL3),(SL3),NA,NA,NA,NA,NA,NA,NA,NA,NA,NA,NA,
Div I Athletic Univ Rel Dir,Div Dir Health Systems Management ,Management ,2883700 ,NS ,2 ,06 ,1,J ,NA,12000 ,1 ,NA,N ,
Prin Acct Clerk,Prin Architect ,Architect ,4801500 ,31 ,0 ,05 ,2,J ,NA,01050 ,3 ,NA,N ,
Srvc & Repair Asst Mtr Eq,Service & Repair Assnt Motor Equipment ,Equipment ,7121100 ,09 ,1 ,03 ,8,J ,7121100F,XXXXX ,130 ,U ,Y ,
Trans Supv 1,Transportation Supvr 1 ,1 ,7324510 ,11 ,0 ,03 ,3,J ,7324510F,XXXXX ,23 ,S ,N ,
Payroll Exmr 1,Payroll Examiner 1 ,1 ,0121100 ,12 ,0 ,02 ,6,J ,0121100F,XXXXX ,89 ,NA,N ,
Prin Lab Animal Crtkr,Prin Laboratory Animal Caretaker ,Caretaker ,0911500 ,11 ,0 ,04 ,3,J ,0911200F,XXXXX ,21 ,NA,N ,
Athletic Trainer,Athletic Trainer (SL4),(SL4),NA,NA,NA,NA,NA,NA,NA,NA,NA,NA,NA,
Purchase Assistant,Purchase Assistant (SL3),(SL3),NA,NA,NA,NA,NA,NA,NA,NA,NA,NA,NA,
Facility Optns Assnt 2 Grnds,Facility Operations Assnt 2 Grounds ,Grounds ,3010210 ,09 ,1 ,03 ,8,P ,3010100F,XXXXX ,74 ,U ,N ,
Trades Spec Carpenter,Trades Specialist Carpenter ,Carpenter ,7120100 ,12 ,1 ,03 ,7,J ,7120100F,XXXXX ,315 ,U ,Y ,
Assnt College Regstr Special,Assnt Counsel State Police ,Police ,6506215 ,NS ,1 ,18 ,2,P ,NA,01060 ,8 ,NA,N ,
Purchasing Assnt 2,Purchasing Agent ,Agent ,1803200 ,18 ,0 ,05 ,2,J ,1803100F,XXXXX ,19 ,NA,N ,
Nrsng Hme Act Assnt 1,Nursing Home Activities Assnt 1 ,1 ,5906110 ,11 ,0 ,04 ,5,J ,5906110T,XXXXX ,25 ,S ,Y ,
T H Cts Insrv Educ 2,Assnt In Higher Educ ,Educ ,3535200 ,22 ,0 ,05 ,2,J ,3535200F,11000 ,6 ,S ,Y ,
Dev Asso,Developmental Assnt 1 ,1 ,5546110 ,12 ,0 ,04 ,5,J ,5546110F,51XXX ,1178 ,S ,Y ,
Staff Assistant Spec,Staff Assistant (SL2),(SL2),NA,NA,NA,NA,NA,NA,NA,NA,NA,NA,NA,
Nursing Assnt 2,Nursing Assnt 2 ,2 ,5530200 ,08 ,1 ,04 ,5,J ,5530100F,XXXXX ,1735 ,S ,Y ,
Plasterer,Public Safety Grants Representative 1 ,1 ,8608100 ,18 ,0 ,05 ,2,J ,8608100F,01XXX ,41 ,NA,N ,
Small Bus Dev Cnslt,Special Counsel ,Counsel ,6558300 ,NS ,2 ,06 ,2,J ,NA,XXXXX ,9 ,NA,N ,
Trades Spec Mason & Plstr,Trades Specialist Mason & Plasterer ,Plasterer ,7120150 ,12 ,1 ,03 ,7,P ,7120150F,XXXXX ,129 ,U ,Y ,
Recycling Spec,Recycling Specialist ,Specialist ,6958100 ,08 ,1 ,03 ,8,J ,6958100F,28050 ,7 ,NA,N ,
Info Tech Assnt,Information Technology Assistant ,Assistant ,0815100 ,12 ,0 ,02 ,3,J ,0815100F,XXXXX ,94 ,NA,N ,
Senr Dental Assistant,Senr Dental Assnt ,Assnt ,5350300 ,10 ,0 ,04 ,5,J ,5350200F,28XXX ,13 ,S ,Y ,
Prin Mail&Suply Clk,Principal (MP),(MP),NA,NA,NA,NA,NA,NA,NA,NA,NA,NA,NA,
Senr Grounds Worker,Senr Launderer ,Launderer ,3302300 ,07 ,1 ,04 ,8,J ,3302200F,XXXXX ,10 ,S ,Y ,
Parking Srvs Attdnt,Parking Services Attendant ,Attendant ,3023100 ,05 ,3 ,03 ,8,J ,3023100F,XXXXX ,159 ,S ,Y ,
Office Assnt 2 (Claculations),Office Assnt 2 Calculations ,Calculations ,2581260 ,09 ,0 ,02 ,6,P ,2581100F,XXXXX ,2475 ,U ,Y ,
Housekeeper,Housekeeper ,Housekeeper ,3004000 ,07 ,1 ,04 ,8,J ,3004000F,XXXXX ,267 ,S ,Y ,
Assnt Purchsng Agnt,Assnt Purchasing Agent ,Agent ,1803100 ,14 ,0 ,05 ,2,J ,1803100F,XXXXX ,36 ,NA,N ,
Calcultns Clerk 2,Call Center Manager ,Manager ,2836500 ,25 ,0 ,05 ,2,J ,2546400F,25000 ,2 ,NA,N ,
Office Assistant 2,Office Assnt 2 ,2 ,2581200 ,09 ,0 ,02 ,6,J ,2581100F,XXXXX ,2671 ,U ,Y ,
Manager,Manager (MP),(MP),NA,NA,NA,NA,NA,NA,NA,NA,NA,NA,NA,
Office Assnt 2 Calculations,Office Assnt 2 Calculations ,Calculations ,2581260 ,09 ,0 ,02 ,6,P ,2581100F,XXXXX ,2475 ,U ,Y ,
Office Assnt 1 (Stores/Mail),Office Assnt 1 Stores/Mail ,Stores/Mail ,2581150 ,06 ,0 ,02 ,6,P ,2581100F,XXXXX ,1164 ,U ,Y ,
Resdnc Hall Dir,Residence Hall Director (SL2),(SL2),NA,NA,NA,NA,NA,NA,NA,NA,NA,NA,NA,
Trades Spec (Carpenter),Trades Specialist Carpenter ,Carpenter ,7120100 ,12 ,1 ,03 ,7,J ,7120100F,XXXXX ,315 ,U ,Y ,
Barber,Barber ,Barber ,5302100 ,08 ,1 ,04 ,7,J ,5302100F,XXXXX ,12 ,S ,Y ,
T H Sterl Sply Tech 1,Teaching Hosp Sterile Supply Technician 1 ,1 ,6211510 ,07 ,1 ,04 ,3,J ,6211510F,28XXX ,136 ,NA,N ,
Career Plng&Dev Assoc,Career Planning and Development Associate (SL2),(SL2),NA,NA,NA,NA,NA,NA,NA,NA,NA,NA,NA,
Financial Aid Assnt,Financial Aid Assistant (SL2),(SL2),NA,NA,NA,NA,NA,NA,NA,NA,NA,NA,NA,
Office Assnt 2,Office Assnt 2 ,2 ,2581200 ,09 ,0 ,02 ,6,J ,2581100F,XXXXX ,2671 ,U ,Y ,
Library Clerk 2,Library Clerk 2 ,2 ,2559200 ,09 ,0 ,02 ,6,J ,2559200F,XXXXX ,281 ,S ,Y ,
Resch Instrctr-12M,Research Instructor (12 month (B6),(B6),NA,NA,NA,NA,NA,NA,NA,NA,NA,NA,NA,
Dental Assnt,Dental Assnt ,Assnt ,5350200 ,08 ,1 ,04 ,5,J ,5350200F,XXXXX ,205 ,S ,Y ,
Maintce Helper,Marine Helper ,Helper ,7442100 ,NS ,3 ,23 ,8,S ,7442100F,55095 ,55 ,S ,Y ,
Clerk 2,Cleaner ,Cleaner ,3014000 ,05 ,3 ,03 ,8,J ,3014000F,XXXXX ,4866 ,U ,Y ,
Senr Lab Tech,Senr Laboratory Technician ,Technician ,6204300 ,12 ,0 ,04 ,3,J ,6204200F,XXXXX ,79 ,S ,N ,
Associate Counselor,Associate Counselor (SL2),(SL2),NA,NA,NA,NA,NA,NA,NA,NA,NA,NA,NA,
Suply Clk,Supply Assnt ,Assnt ,2709275 ,04 ,3 ,02 ,6,J ,2709275F,XXXXX ,351 ,U ,Y ,
Mason&Plasterer,Manager Classification & Compensation ,Compensation ,1438600 ,64 ,0 ,06 ,2,J ,1436116F,08000 ,2 ,NA,N ,
Office Assnt 2 (Stores/Mail),Office Assnt 2 Stores/Mail ,Stores/Mail ,2581280 ,09 ,0 ,02 ,6,P ,2581100F,XXXXX ,545 ,U ,Y ,
T H Med Rec Spec,T.H. Medical Records Senior Specialist (SL3),(SL3),NA,NA,NA,NA,NA,NA,NA,NA,NA,NA,NA,
Keyboard Spec 2,Laboratory Specialist 1 ,1 ,6165030 ,18 ,0 ,05 ,2,J ,6165030F,12000 ,70 ,NA,N ,
Visiting Assnt P 12mo,Visiting Assistant Professor (12 month) (B5),(B5),NA,NA,NA,NA,NA,NA,NA,NA,NA,NA,NA,
Nursing Station Clk 1,Nursing Station Clerk 1 ,1 ,2506100 ,07 ,0 ,02 ,6,J ,2506100F,XXXXX ,643 ,S ,Y ,
Dental Hygienist,Dental Hygienist ,Hygienist ,5359000 ,12 ,0 ,04 ,3,J ,5359000F,XXXXX ,83 ,S ,Y ,
Senr Data Enty Mach O,Senr Offset Printing Machine Operator ,Operator ,2717300 ,09 ,0 ,03 ,6,J ,2717300F,XXXXX ,6 ,NA,N ,
Recycling Supvr,Recycling Supvr ,Supvr ,6958200 ,10 ,1 ,03 ,8,J ,6958100F,28050 ,1 ,NA,N ,
Hosp Physl Thrpy Aide,Hosp Patient Services Clerk 1 ,1 ,2517110 ,07 ,0 ,02 ,6,J ,2517110F,XXXXX ,283 ,S ,Y ,
Assnt To Pres Cm R,Assnt To Presiding Judge ,Judge ,9024501 ,NS ,2 ,06 ,2,I ,NA,20050 ,14 ,NA,N ,
Office Assnt 1 Keyboarding,Office Assnt 1 Keyboarding ,Keyboarding ,2581110 ,06 ,0 ,02 ,6,P ,2581100F,XXXXX ,7571 ,U ,Y ,
Office Assnt 2 Stores/Mail,Office Assnt 2 Stores/Mail ,Stores/Mail ,2581280 ,09 ,0 ,02 ,6,P ,2581100F,XXXXX ,545 ,U ,Y ,
Horticultural Tech 1,Horticultural Technician 1 ,1 ,1101110 ,08 ,1 ,05 ,3,J ,1101110F,XXXXX ,15 ,NA,N ,
Stores Clerk 1,Stores Clerk 2 Motor Equipment ,Equipment ,1831130 ,09 ,0 ,02 ,6,P ,1831130T,17XXX ,34 ,NA,N ,
Grounds Worker,Groundskeeper ,Groundskeeper ,1004100 ,NS ,3 ,03 ,8,J ,NA,01050 ,2 ,NA,N ,
Office Assnt 1 Stores/Mail,Office Assnt 1 Stores/Mail ,Stores/Mail ,2581150 ,06 ,0 ,02 ,6,P ,2581100F,XXXXX ,1164 ,U ,Y ,
Office Assistant 1,Office Assnt 1 ,1 ,2581100 ,06 ,0 ,02 ,6,J ,2581100F,XXXXX ,6376 ,U ,Y ,
Comty Relations Assnt,Community Relations Assistant (SL1),(SL1),NA,NA,NA,NA,NA,NA,NA,NA,NA,NA,NA,
Senr Mail&Supply Clk,Senr Toll Collector ,Collector ,0112600 ,NS ,0 ,15 ,6,J ,NA,55020 ,24 ,NA,N ,
Assnt Dir College Hsg Spec,Assnt Dir Correctional Health Services ,Services ,5290450 ,62 ,0 ,06 ,2,J ,5290450F,10160 ,3 ,NA,N ,
Coord Dental Assnts,Coord Inmate Movement ,Movement ,8371200 ,22 ,0 ,05 ,2,J ,8371200F,10160 ,11 ,NA,N ,
Print Equip Operator 1 Digital,Print Equipment Operator 1 Digital ,Digital ,7701110 ,06 ,0 ,02 ,6,P ,7701100F,XXXXX ,14 ,U ,Y ,
Mail&Supply Clerk,Head Mail & Supply Clerk ,Clerk ,2709600 ,15 ,0 ,05 ,6,J ,2709800F,XXXXX ,17 ,NA,N ,
Data Entry MacH Oper,Data Analyst 1 ,1 ,2490100 ,18 ,1 ,06 ,2,J ,2490100F,01010 ,6 ,NA,N ,
Senr Parking Srvs Att,Senr Parking Services Attendant ,Attendant ,3023200 ,08 ,3 ,03 ,8,J ,3023100F,XXXXX ,35 ,NA,N ,
Nursing Assnt 1,Nursing Assnt 1 ,1 ,5530100 ,06 ,1 ,04 ,5,J ,5530100F,XXXXX ,55 ,NA,N ,
Labor Supvr,Labor Services Rep ,Rep ,8407110 ,16 ,0 ,05 ,2,J ,8407110F,14020 ,875 ,S ,Y ,
Bookbinder,Bookbinder ,Bookbinder ,7711200 ,10 ,1 ,03 ,7,J ,NA,XXXXX ,5 ,NA,N ,
Hosp Attendant 1,Hosp Attendant 1 ,1 ,5501100 ,05 ,1 ,04 ,5,J ,5501100F,XXXXX ,776 ,S ,Y ,
T H Med Rec Assnt 2,T.H. Medical Records Assistant I (SL2),(SL2),NA,NA,NA,NA,NA,NA,NA,NA,NA,NA,NA,
Beautician,Beautician ,Beautician ,5303100 ,08 ,1 ,04 ,7,J ,5303100F,XXXXX ,19 ,S ,Y ,
Licensed Prac Nrs,Licensed Practical Nurse ,Nurse ,5500200 ,10 ,0 ,04 ,3,J ,5500200F,XXXXX ,1880 ,S ,Y ,
Keyboard Spec 1,Laboratory Specialist 1 ,1 ,6165030 ,18 ,0 ,05 ,2,J ,6165030F,12000 ,70 ,NA,N ,
Offset Prnt Mch Op,Office Srvs Manager ,Manager ,2551800 ,23 ,0 ,05 ,2,J ,2551400F,XXXXX ,44 ,NA,N ,
Office Assnt 1 (Keyboarding),Office Assnt 1 Keyboarding ,Keyboarding ,2581110 ,06 ,0 ,02 ,6,P ,2581100F,XXXXX ,7571 ,U ,Y ,
Office Assnt1,Office Assnt 1 ,1 ,2581100 ,06 ,0 ,02 ,6,J ,2581100F,XXXXX ,6376 ,U ,Y ,
Associate Counselor Special,Associate Counselor (SL2),(SL2),NA,NA,NA,NA,NA,NA,NA,NA,NA,NA,NA,
Office Assnt 2 (Keyboarding),Office Assnt 2 Keyboarding ,Keyboarding ,2581210 ,09 ,0 ,02 ,6,P ,2581100F,XXXXX ,1754 ,U ,Y ,
Electronics Techn,Electronic Toll Maintenance Technician ,Technician ,7384100 ,NS ,0 ,15 ,3,J ,NA,55020 ,10 ,NA,N ,
Stores Clerk 2,Stores Clerk 2 Motor Equipment ,Equipment ,1831130 ,09 ,0 ,02 ,6,P ,1831130T,17XXX ,34 ,NA,N ,
Computer Oper,Computer Operator ,Operator ,0821200 ,10 ,0 ,02 ,3,J ,0821200T,XXXXX ,166 ,NA,N ,
Maintce Assnt Painter,Maintenance Assnt Painter ,Painter ,7202150 ,09 ,1 ,03 ,8,P ,7202150F,XXXXX ,89 ,U ,Y ,
Calculations Clerk 1,Call Center Director ,Director ,2836700 ,64 ,1 ,06 ,1,J ,2836600F,25000 ,1 ,NA,N ,
Plant Util Helper,Plant Utilities Engineer 1 ,1 ,7520100 ,14 ,0 ,03 ,7,J ,7520100F,XXXXX ,951 ,U ,Y ,
Senr Data Enty MacH O,Senr Offset Printing Machine Operator ,Operator ,2717300 ,09 ,0 ,03 ,6,J ,2717300F,XXXXX ,6 ,NA,N ,
Student Actvts Assnt,Student Activities Assistant (SL1),(SL1),NA,NA,NA,NA,NA,NA,NA,NA,NA,NA,NA,
Supply Assnt,Supply Assnt ,Assnt ,2709275 ,04 ,3 ,02 ,6,J ,2709275F,XXXXX ,351 ,U ,Y ,
Srvc&Repr Mechanic Tr 2 Hvac-R,Service & Repair Mechanic Trainee 2 HVAC-R ,HVAC-R ,7347142 ,NS ,1 ,03 ,7,T ,NA,XXXXX ,0 ,NA,N ,
Chaplain,Chaplain ,Chaplain ,8281000 ,22 ,1 ,05 ,2,J ,8281000F,XXXXX ,307 ,S ,Y ,
Clerk 1,Cleaner ,Cleaner ,3014000 ,05 ,3 ,03 ,8,J ,3014000F,XXXXX ,4866 ,U ,Y ,
Facility Optns Assnt 1 Grnds,Facility Operations Assnt 1 Grounds ,Grounds ,3010120 ,06 ,3 ,03 ,8,P ,3010100F,XXXXX ,435 ,U ,Y ,
Instrucl Supprt Assnt Special,Instructional Support Specialist (SL4),(SL4),NA,NA,NA,NA,NA,NA,NA,NA,NA,NA,NA,
Supvg Housekeeper,Supvg Housekeeper ,Housekeeper ,3004500 ,11 ,1 ,04 ,8,J ,3004500F,XXXXX ,120 ,S ,N ,
Admissions Intern,Admissions Advisor (SL3),(SL3),NA,NA,NA,NA,NA,NA,NA,NA,NA,NA,NA,
Supply Clk,Supply Assnt ,Assnt ,2709275 ,04 ,3 ,02 ,6,J ,2709275F,XXXXX ,351 ,U ,Y ,
Career Plng&Dev Assnt,Career Planning and Development Assistant (SL1),(SL1),NA,NA,NA,NA,NA,NA,NA,NA,NA,NA,NA,
Office Assnt 2 Keyboarding,Office Assnt 2 Keyboarding ,Keyboarding ,2581210 ,09 ,0 ,02 ,6,P ,2581100F,XXXXX ,1754 ,U ,Y ,
T H Sterl Sply Tech 2,Teaching Hosp Sterile Supply Technician 2 ,2 ,6211520 ,08 ,1 ,04 ,3,J ,6211510F,28XXX ,112 ,NA,N ,
Residence Hall Intern,Residence Hall Intern (SL1),(SL1),NA,NA,NA,NA,NA,NA,NA,NA,NA,NA,NA,
Maintce Assnt Electrn,Maintenance Assnt Electrician ,Electrician ,7345060 ,09 ,1 ,03 ,8,P ,7345060F,XXXXX ,65 ,U ,Y ,
Academic Advsmnt Intn,Academic Advisement Intern (SL1),(SL1),NA,NA,NA,NA,NA,NA,NA,NA,NA,NA,NA,
Offset Prnt McH Op,Office Srvs Manager ,Manager ,2551800 ,23 ,0 ,05 ,2,J ,2551400F,XXXXX ,44 ,NA,N ,
Supply Clerk,Supply Assnt ,Assnt ,2709275 ,04 ,3 ,02 ,6,J ,2709275F,XXXXX ,351 ,U ,Y ,
Medical Assnt,Medical Assnt ,Assnt ,2587000 ,08 ,0 ,04 ,5,J ,2587000F,XXXXX ,190 ,S ,N ,
Laboratory Animal Crt,Laboratory Animal Caretaker ,Caretaker ,0911200 ,05 ,1 ,04 ,8,J ,0911200F,XXXXX ,64 ,NA,N ,
Th Staff Asst I Special,T.H. Staff Associate (SL4),(SL4),NA,NA,NA,NA,NA,NA,NA,NA,NA,NA,NA,
Dean (Business),Dean (Nursing) (MP),(MP),NA,NA,NA,NA,NA,NA,NA,NA,NA,NA,NA,
Dev Assnt,Developmental Assnt 1 ,1 ,5546110 ,12 ,0 ,04 ,5,J ,5546110F,51XXX ,1178 ,S ,Y ,
Laboratory Helper,Laboratory Aide ,Aide ,6204000 ,05 ,1 ,04 ,8,J ,6204000T,XXXXX ,50 ,NA,N ,
Facility Optns Assnt 1 Utls,Facility Operations Assnt 1 Utilities ,Utilities ,3010110 ,06 ,3 ,03 ,8,P ,3010100T,XXXXX ,150 ,U ,Y ,
T H Instrctl Sup Asnt,T.H. Instructional Support,Support,NA,NA,NA,NA,NA,NA,NA,NA,NA,NA,NA,
Student Assnt,Student Assnt ,Assnt ,2883100 ,NS ,1 ,05 ,2,J ,2883100F,XXXXX ,1562 ,U ,Y ,
Facility Operations Assnt 2,Facility Operations Assnt 2 ,2 ,3010200 ,09 ,1 ,03 ,8,J ,3010100F,XXXXX ,172 ,NA,N ,
Clinical Lecturer,Clinical Lecturer (A0),(A0),NA,NA,NA,NA,NA,NA,NA,NA,NA,NA,NA,
Laboratory Worker,Laboratory Worker ,Worker ,6202200 ,04 ,1 ,04 ,8,J ,6202200F,XXXXX ,32 ,NA,N ,
Library Aide,Library Aide ,Aide ,3610100 ,01 ,3 ,02 ,8,J ,3610100F,28XXX ,3 ,NA,N ,
Radiol Tech,Radiologic Technologist ,Technologist ,6212200 ,09 ,0 ,04 ,3,J ,6212200F,XXXXX ,4 ,S ,Y ,
Tech Assnt-Csl,Technical Assistant (CSL) (SL1),(SL1),NA,NA,NA,NA,NA,NA,NA,NA,NA,NA,NA,
Lecturer (Hs),Lecturer (HS) (C0),(C0),NA,NA,NA,NA,NA,NA,NA,NA,NA,NA,NA,
Visiting Assoc P 12mo,Visiting Associate Professor (12 month) (B4),(B4),NA,NA,NA,NA,NA,NA,NA,NA,NA,NA,NA,
Col Camp Assnt,College Camp Assnt ,Assnt ,1566110 ,NS ,0 ,71 ,5,S ,1566110F,28350 ,8 ,NA,N ,
Dev Assoc,Developmental Assnt 1 ,1 ,5546110 ,12 ,0 ,04 ,5,J ,5546110F,51XXX ,1178 ,S ,Y ,
Visiting Assoc Lib,Visiting Associate Librarian,Librarian,NA,NA,NA,NA,NA,NA,NA,NA,NA,NA,NA,
Federal Cws Student,Head Stores Clerk ,Clerk ,1831600 ,15 ,0 ,04 ,6,J ,NA,10XXX ,2 ,NA,N ,
Electronic Equip Mech,Electronic Equipment Engineer Security Systems ,Systems ,4133210 ,21 ,0 ,05 ,2,P ,4133210F,10160 ,5 ,NA,N ,
Tech Spec-Csl,Technical Specialist (CSL) (SL),(SL),NA,NA,NA,NA,NA,NA,NA,NA,NA,NA,NA,
Resch Instrctr-10M,Research Instructor (10 month) (A6),(A6),NA,NA,NA,NA,NA,NA,NA,NA,NA,NA,NA,
T H Biomed Eng Sr Tec,T.H. Biomedical Engineer (SL3),(SL3),NA,NA,NA,NA,NA,NA,NA,NA,NA,NA,NA,
Th Cts Spch Pthlgy 2,T.H. Physical Therapist III (SL2),(SL2),NA,NA,NA,NA,NA,NA,NA,NA,NA,NA,NA,
Col Summer Camp Assnt,College Camp Assnt ,Assnt ,1566110 ,NS ,0 ,71 ,5,S ,1566110F,28350 ,8 ,NA,N ,
Artists Model Pt,Artists Model Pt ,Pt ,2208100 ,NS ,1 ,05 ,3,J ,2208100F,28XXX ,82 ,S ,Y ,
Lifeguard,Lifeguard ,Lifeguard ,1559100 ,05 ,1 ,68 ,4,J ,1559100F,XXXXX ,713 ,S ,Y ,
Resch Assoc Prof,Research Assoc ,Assoc ,2459940 ,NS ,2 ,05 ,2,J ,2459940F,XXXXX ,32 ,NA,N ,
T H Rec Therpy Spec,T.H. Recreation Therapy Specialist (SL3),(SL3),NA,NA,NA,NA,NA,NA,NA,NA,NA,NA,NA,
T H Cts Spch Pthlgy 1,Teaching & Research Cntr Specialty Nurse ,Nurse ,5506150 ,18 ,0 ,05 ,2,J ,5506150F,28XXX ,620 ,S ,Y ,
Hosp Clincl Assnt Vh,Hosp Nursing Services Consultant ,Consultant ,5616200 ,22 ,0 ,05 ,2,J ,NA,XXXXX ,225 ,NA,N ,
Teaching&Rsch Ctr N 3,Teaching & Research Cntr Nurse 3 ,3 ,5506230 ,20 ,0 ,05 ,2,J ,5506210F,28XXX ,444 ,S ,Y ,
